,lat,lon,country,lang_guess,conf
1312,54.253539456615215,28.44903767108917,Belarus,,
8616,53.22470863400864,29.11534667015076,Belarus,,
1310,54.25363033933925,28.450765013694763,Belarus,,
5624,53.123827344740505,25.903841257095337,Belarus,,
2029,54.14384562488925,28.23612928390503,Belarus,,
2086,55.24673254431312,29.830209016799927,Belarus,,
5627,53.121725207451135,25.90130925178528,Belarus,,
5634,53.12236905827783,25.90175986289978,Belarus,,
3538,53.225463344026366,29.11813080310821,Belarus,,
1313,54.25326680724146,28.443748354911804,Belarus,,
2021,54.14449920153308,28.23691248893737,Belarus,,
8611,53.224470977887705,29.114407896995544,Belarus,,
2023,54.14410642834463,28.236435055732727,Belarus,,
4298,53.91940091108751,27.19543218612671,Belarus,,
5628,53.122697418485984,25.90236067771912,Belarus,,
5626,53.1205211805258,25.8996731042862,Belarus,,
8612,53.22436499567885,29.113962650299072,Belarus,,
1316,54.25302862930204,28.43963384628296,Belarus,,
8618,53.224589806113045,29.11487996578217,Belarus,,
3545,53.22443243893304,29.11448836326599,Belarus,,
4307,53.91929665644281,27.196242213249207,Belarus,,
4303,53.920958381299215,27.183271050453182,Belarus,,
2030,54.14321403381223,28.2353675365448,Belarus,,
2090,55.24510568041981,29.83466148376465,Belarus,,
1307,54.25388104926381,28.45411241054535,Belarus,,
2088,55.24798322711436,29.82638418674469,Belarus,,
4302,53.91922083471954,27.19766914844513,Belarus,,
2082,55.247870086279306,29.82688844203949,Belarus,ru,10.0
2028,54.14369165581317,28.235930800437927,Belarus,,
1308,54.25380270257608,28.45345258712769,Belarus,,
8609,53.22432324503973,29.11379635334015,Belarus,,
5625,53.12395289026856,25.903696417808533,Belarus,,
2017,54.15400631815962,28.24211061000824,Belarus,ru,10.0
4299,53.9207372430233,27.186328768730164,Belarus,,
3549,53.22494628881063,29.11628544330597,Belarus,,
2089,55.24910238667533,29.82296705245972,Belarus,,
4305,53.919694718231,27.19338297843933,Belarus,,
5623,53.1230837214018,25.90254843235016,Belarus,,
1317,54.2537431589939,28.45232605934143,Belarus,,
1314,54.25258987686547,28.43280494213104,Belarus,,
2016,54.154232501878425,28.24011504650116,Belarus,,
1306,54.25384971060657,28.453795909881592,Belarus,,
2020,54.14423525836102,28.23659062385559,Belarus,,
3541,53.224525574680825,29.114354252815247,Belarus,,
2087,55.24721569783472,29.828744530677795,Belarus,,
8617,53.22510686563294,29.116886258125305,Belarus,,
4296,53.91996640901834,27.19139814376831,Belarus,,
8614,53.22447740104346,29.114434719085693,Belarus,,
5629,53.12180890860398,25.90110003948212,Belarus,,
3544,53.22479855760233,29.115706086158752,Belarus,,
8608,53.22471505712872,29.115373492240906,Belarus,,
4301,53.92008645787277,27.190014123916622,Belarus,,
4295,53.95775841656723,27.196773290634155,Belarus,,
1315,54.25322606637568,28.443029522895813,Belarus,,
3546,53.22434251457054,29.113882184028625,Belarus,,
2081,55.25027349531814,29.818519949913025,Belarus,,
5630,53.121416155628765,25.900660157203674,Belarus,,
2025,54.1438079182297,28.23608636856079,Belarus,,
2084,55.24642674791048,29.83094930648804,Belarus,,
2080,55.25006557254312,29.81884717941284,Belarus,,
1323,50.93187401737828,5.070324540138245,Belgium,,
3043,50.93271923275424,5.059424042701721,Belgium,,
1910,50.63444779452632,4.035646319389343,Belgium,,
1916,50.63745207682766,4.022578597068787,Belgium,,
7879,51.01543872004424,3.909550309181213,Belgium,,
1206,51.03289334769295,2.9609066247940063,Belgium,,
7884,51.0138694048955,3.902313709259033,Belgium,,
1201,51.03195211943654,2.959544062614441,Belgium,,
4145,51.03410780751926,2.9627305269241333,Belgium,nl,10.0
4140,51.03317672449916,2.9613465070724487,Belgium,,
1200,51.034613823053576,2.9634976387023926,Belgium,,
4143,51.03486008194807,2.963873147964477,Belgium,,
2564,51.03582486446194,2.9653215408325195,Belgium,,
7878,51.01452076150085,3.9090245962142944,Belgium,,
5837,50.63798962917125,4.022927284240723,Belgium,,
3050,50.93182668486304,5.070383548736572,Belgium,,
1913,50.630847846654746,4.023646116256714,Belgium,,
3040,50.93201939551668,5.070372819900513,Belgium,,
4278,51.24867690712611,3.3962827920913696,Belgium,,
1329,50.932780087668505,5.058796405792236,Belgium,,
4269,51.275105361174894,3.404865860939026,Belgium,,
3041,50.93287136989065,5.057868361473084,Belgium,,
4272,51.25469371215789,3.391642570495605,Belgium,,
4280,51.25756417596892,3.387887477874756,Belgium,,
3049,50.9319686822642,5.070673227310181,Belgium,,
5838,50.626560214472846,4.027079343795776,Belgium,,
4134,51.03582486446194,2.9653215408325195,Belgium,,
1912,50.62648534758054,4.027191996574402,Belgium,,
2931,51.14039120573728,2.6972240209579468,Belgium,,
5839,50.628952489220666,4.023656845092773,Belgium,,
5836,50.63216468376132,4.027411937713623,Belgium,,
3039,50.93162383068079,5.063495635986328,Belgium,,
5830,50.63136846108248,4.0243542194366455,Belgium,,
2925,51.13881939127435,2.695448398590088,Belgium,,
4142,51.03483309473583,2.96383023262024,Belgium,,
1327,50.93283756168114,5.0629860162734985,Belgium,,
4279,51.24854259445922,3.396127223968506,Belgium,,
7883,51.02655065150279,3.8895249366760254,Belgium,,
2570,51.03317672449916,2.9613465070724487,Belgium,,
4276,51.25351190187669,3.392812013626098,Belgium,,
2567,51.03134823891156,2.960917353630066,Belgium,,
4136,51.03116268744927,2.961019277572632,Belgium,,
5828,50.62876873416755,4.023898243904114,Belgium,,
3046,50.93268204360072,5.060566663742065,Belgium,,
2569,51.03100412470192,2.9581868648529053,Belgium,,
7881,51.02697240026168,3.890179395675659,Belgium,,
3045,50.93187401737828,5.070324540138245,Belgium,,
2935,51.13830105100283,2.694466710090637,Belgium,,
1199,51.03044746395324,2.961925864219665,Belgium,,
3042,50.93189430272719,5.070238709449768,Belgium,,
4266,51.27551142106523,3.404318690299988,Belgium,,
3048,50.9318537320205,5.070372819900513,Belgium,,
2573,51.03486008194807,2.963873147964477,Belgium,,
1326,50.932124202729966,5.063350796699524,Belgium,,
1325,50.9311403579793,5.063506364822388,Belgium,,
2565,51.02780576452636,2.9534554481506348,Belgium,,
5834,50.6329370749263,4.032121896743774,Belgium,,
5833,50.63096353924806,4.023887515068054,Belgium,,
7885,51.01451063685676,3.9061224460601807,Belgium,,
1204,51.02830172723995,2.954249382019043,Belgium,,
6461,43.232947274405234,27.663960456848145,Bulgaria,,
561,43.235432953485656,27.67596065998077,Bulgaria,,
8730,43.87285818544731,25.928635597229004,Bulgaria,,
8842,43.23552284249624,27.68452227115631,Bulgaria,,
4854,43.810522787655856,25.926125049591064,Bulgaria,,
8092,43.45481146669073,24.481374621391296,Bulgaria,,
8095,43.45560196838588,24.47823107242584,Bulgaria,,
4861,43.8039763284649,25.92084646224976,Bulgaria,,
554,43.23551893428117,27.68167376518249,Bulgaria,,
6032,43.232947274405234,27.663960456848145,Bulgaria,,
8737,43.84470679306136,25.94883799552917,Bulgaria,,
553,43.235511117850194,27.68329918384552,Bulgaria,,
8735,43.84447852603412,25.948768258094788,Bulgaria,,
6457,43.23323258548814,27.664716839790344,Bulgaria,,
4851,43.80289228017929,25.920862555503845,Bulgaria,,
8739,43.84478804043656,25.94898283481598,Bulgaria,,
6463,43.23549157676848,27.67802596092224,Bulgaria,,
8742,43.84427347185815,25.948044061660767,Bulgaria,,
8100,43.4531642304506,24.485194087028503,Bulgaria,,
550,43.233494445169526,27.665473222732544,Bulgaria,,
4858,43.80457641816429,25.921570658683777,Bulgaria,ru,10.0
6467,43.23406115256776,27.667388319969177,Bulgaria,,
8094,43.45372110256855,24.48399245738983,Bulgaria,,
8099,43.45432859357626,24.482699632644653,Bulgaria,,
8734,43.84437406456087,25.947893857955933,Bulgaria,,
556,43.23554238356797,27.68532693386078,Bulgaria,,
4855,43.809698228802034,25.925835371017456,Bulgaria,,
8837,43.23323258548814,27.664716839790344,Bulgaria,,
6247,42.38111087598179,25.553882718086243,Bulgaria,,
8091,43.45339788371189,24.48464155197144,Bulgaria,,
8093,43.455017854829606,24.480596780776978,Bulgaria,,
6246,42.37779411273169,25.552278757095337,Bulgaria,,
8740,43.84438954034621,25.947588086128235,Bulgaria,,
8729,43.85619639440517,25.90736031532288,Bulgaria,,
4852,43.804808709332775,25.92119514942169,Bulgaria,,
6035,43.23503431366689,27.672007083892822,Bulgaria,,
6460,43.235483760334034,27.67760753631592,Bulgaria,,
6466,43.23444807390197,27.668917179107662,Bulgaria,,
6038,43.23406115256776,27.667388319969177,Bulgaria,,
6251,42.374905176188406,25.548040866851807,Bulgaria,,
560,43.23552284249624,27.68452227115631,Bulgaria,,
6033,43.234764644075454,27.670451402664185,Bulgaria,,
558,43.23546421924351,27.67678141593933,Bulgaria,,
8834,43.23508902909052,27.672398686409,Bulgaria,,
6037,43.23444807390197,27.668917179107662,Bulgaria,,
8741,43.84447465709394,25.948575139045715,Bulgaria,,
6252,42.37767522907623,25.553324818611145,Bulgaria,bg,10.0
557,43.2355150260658,27.68411993980408,Bulgaria,,
4849,43.85619639440517,25.90736031532288,Bulgaria,,
6248,42.377092695911045,25.55014371871948,Bulgaria,,
8102,43.45504900769504,24.48047339916229,Bulgaria,,
552,43.23469038702192,27.67006516456604,Bulgaria,,
8097,43.45415725057657,24.48305904865265,Bulgaria,,
8096,43.45518140719409,24.48001742362976,Bulgaria,,
559,43.23426047598613,27.668150067329407,Bulgaria,,
8838,43.235499393201934,27.67843902111053,Bulgaria,,
8840,43.23551893428117,27.68208682537079,Bulgaria,,
6029,43.23519064331836,27.67318725585937,Bulgaria,,
8841,43.23523754213562,27.67358422279358,Bulgaria,,
8727,43.87065776548744,25.92671513557434,Bulgaria,,
6855,49.72104931201653,17.0308256149292,Czechia,,
8011,50.03745181212187,15.530853867530825,Czechia,,
5075,49.07156407805775,14.291072487831116,Czechia,,
6853,49.720757986755046,17.03181266784668,Czechia,,
5081,49.07625195354208,14.283154606819153,Czechia,,
2544,49.671269774183486,17.92396366596222,Czechia,,
2548,49.67357492957518,17.927504181861877,Czechia,,
8007,50.03757584976648,15.5314439535141,Czechia,,
3108,49.07378858986979,14.287837743759155,Czechia,,
8012,50.036225200384166,15.524958372116089,Czechia,,
7823,49.917827153345286,18.364484310150143,Czechia,,
5073,49.07517666288271,14.285413026809692,Czechia,,
3103,49.073345803989696,14.288524389266968,Czechia,,
2538,49.93440729914741,17.9082190990448,Czechia,,
6238,50.03757584976648,15.5314439535141,Czechia,,
3106,49.07539453411235,14.28499460220337,Czechia,,
2535,49.93631325322264,17.911641597747803,Czechia,,
8013,50.03684884678469,15.52790880203247,Czechia,,
8003,50.038175360531255,15.534389019012451,Czechia,,
7826,49.91828654266854,18.36593806743622,Czechia,,
2540,49.672318216837255,17.925524711608887,Czechia,,
8074,49.075935693999725,14.283894896507263,Czechia,,
2543,49.67080803564798,17.923309206962585,Czechia,,
6857,49.71999845196143,17.03005313873291,Czechia,,
8002,50.0369763315158,15.528498888015749,Czechia,,
3109,49.06918131511296,14.294060468673706,Czechia,,
6860,49.71904468139834,17.03783690929413,Czechia,,
2542,49.668513164817625,17.919993996620178,Czechia,,
6861,49.72095220379023,17.031147480010986,Czechia,,
8066,49.0731946936194,14.288765788078308,Czechia,,
6239,50.03610460484168,15.524368286132812,Czechia,,
3107,49.07156407805775,14.291072487831116,Czechia,,
5076,49.07378858986979,14.287837743759155,Czechia,,
8069,49.071725736300834,14.290847182273865,Czechia,,
8075,49.07457926912511,14.286512732505798,Czechia,,
5079,49.069901779088354,14.293277263641356,Czechia,,
6241,50.0372209634302,15.52967369556427,Czechia,,
6858,49.71841691673183,17.04000949859619,Czechia,,
5072,49.07610436600624,14.283503293991089,Czechia,,
7824,49.908977010041866,18.34817111492157,Czechia,,
5074,49.07539453411235,14.28499460220337,Czechia,,
7827,49.915737394793865,18.35778951644897,Czechia,,
6852,49.71882617859544,17.038593292236328,Czechia,,
8009,50.0372209634302,15.52967369556427,Czechia,,
6856,49.7170226258462,17.044880390167236,Czechia,,
2537,49.93440729914741,17.9082190990448,Czechia,,
2533,49.93714881076869,17.90873944759369,Czechia,,
8006,50.03635957791755,15.525543093681335,Czechia,,
6240,50.03635957791755,15.525543093681335,Czechia,,
6234,50.036225200384166,15.524958372116089,Czechia,,
2545,49.67217587992201,17.925562262535095,Czechia,,
8076,49.07075929332439,14.29219901561737,Czechia,,
3113,49.07625195354208,14.283154606819153,Czechia,,
8072,49.068826350971335,14.294559359550476,Czechia,,
6243,50.03709003382824,15.529088973999023,Czechia,,
6859,49.71824349964746,17.040610313415527,Czechia,,
6233,50.03661110408464,15.526723265647888,Czechia,,
7822,49.91397225544674,18.35088014602661,Czechia,,
8010,50.0364905095114,15.526133179664612,Czechia,,
2532,49.93719714836519,17.90873944759369,Czechia,,
3943,61.610985136975415,23.31425964832306,Finland,,
27,61.61025312267898,23.331270217895508,Finland,,
5616,62.26664701060324,25.558565855026245,Finland,,
6160,64.99031553171909,25.25782585144043,Finland,,
6569,61.61041636081566,23.329086899757385,Finland,,
7984,61.61001591572787,23.334553241729736,Finland,,
7979,61.6108116996123,23.32085788249969,Finland,,
6156,64.99055139464576,25.257493257522583,Finland,,
5607,62.386378961681885,25.567846298217773,Finland,,
7986,61.61065101412956,23.325632214546204,Finland,,
5613,62.264954423193046,25.575791001319885,Finland,,
593,61.61074793563165,23.32351326942444,Finland,,
32,61.61082955350335,23.320831060409542,Finland,,
5785,62.84158831563866,27.49167144298553,Finland,,
5784,62.841669119344886,27.49071657657624,Finland,,
5601,62.38460110170527,25.571848154068,Finland,,
5614,62.26527397500109,25.56540012359619,Finland,,
592,61.61069182322007,23.32416236400604,Finland,,
7966,64.99013636522037,25.25759518146515,Finland,,
5787,62.84096636452537,27.50207841396332,Finland,,
6576,61.61069182322007,23.32416236400604,Finland,,
5618,62.26779032704158,25.554521083831787,Finland,,
7974,64.99618427144739,25.249135494232178,Finland,,
6149,64.99632485141521,25.24860978126526,Finland,,
3938,61.610033770077735,23.334032893180847,Finland,,
7981,61.61069182322007,23.32416236400604,Finland,,
7967,64.99139730898565,25.257160663604736,Finland,,
3944,61.61090862061141,23.31749975681305,Finland,,
35,61.610985136975415,23.31425964832306,Finland,,
597,61.61084230627637,23.32026779651642,Finland,,
33,61.61092902499362,23.316410779953003,Finland,,
5610,62.3877415018583,25.56446135044098,Finland,,
5605,62.38392722791573,25.57368814945221,Finland,,
5788,62.84127244447373,27.50664889812469,Finland,,
7977,64.99438614308579,25.254258513450623,Finland,,
6153,64.98941288321859,25.257745385169983,Finland,,
6567,61.610985136975415,23.31470489501953,Finland,,
595,61.610941777725714,23.315874338150024,Finland,,
34,61.61067651981742,23.32510113716125,Finland,,
30,61.61084230627637,23.32026779651642,Finland,,
5790,62.84117694787193,27.497084140777588,Finland,,
5622,62.267655527796734,25.555089712142944,Finland,,
598,61.61033729245065,23.33018124103546,Finland,,
6574,61.61093667663352,23.31639468669892,Finland,,
3936,61.61050308072578,23.328266143798828,Finland,,
6571,61.61088056456393,23.318626284599304,Finland,,
26,61.61074793563165,23.32351326942444,Finland,,
5604,62.38819152432959,25.563061237335205,Finland,,
5791,62.84107900231703,27.49905288219452,Finland,,
5789,62.8414977172796,27.49313056468964,Finland,,
5617,62.26496191272733,25.57021737098694,Finland,,
3940,61.610110288603465,23.333507180213928,Finland,,
600,61.61092902499362,23.316410779953003,Finland,,
7976,64.99018625980901,25.25754153728485,Finland,,
6151,64.98892752695124,25.25830864906311,Finland,,
602,61.610985136975415,23.31425964832306,Finland,,
7970,64.98889804240807,25.258013606071472,Finland,,
7983,61.61052093479475,23.3274507522583,Finland,,
7988,61.6107759917993,23.32196831703186,Finland,,
5782,62.84177440868942,27.48948812484741,Finland,,
4993,47.63767407882909,6.61651611328125,France,,
6782,44.12085137221888,4.5972740650177,France,,
1008,50.45856273875191,3.271007537841797,France,,
722,50.78689238970821,2.6502370834350586,France,,
6641,48.29068881715517,7.101786732673645,France,,
1284,50.45856273875191,3.271007537841797,France,,
2231,47.865975972809366,7.039430737495422,France,,
3920,47.86588600244088,7.039704322814941,France,,
3288,43.47095045014973,3.029007911682129,France,,
1703,46.01638519550016,5.926281809806824,France,,
3501,43.82494104935898,3.583618998527527,France,,
3665,43.92134733271124,6.613737344741821,France,,
4803,43.81241961692104,3.5958069562911987,France,,
4798,43.82426762955026,3.5839301347732544,France,,
3915,47.858741856704825,7.050653100013733,France,,
8205,49.35505558491019,0.0617605447769165,France,,
3505,43.81241961692104,3.5958069562911987,France,,
3919,47.865975972809366,7.039430737495422,France,,
5357,48.67567442198259,2.4517804384231567,France,,
1142,48.80124567312777,7.3694658279418945,France,,
7730,47.637984936458366,6.615400314331055,France,,
56,45.4148178823034,5.459915399551392,France,,
4999,47.63727285287587,6.616489291191101,France,fr,10.0
982,47.919218210804445,-3.6237770318984985,France,,
5494,46.05945190241209,4.3965160846710205,France,,
5359,48.66794467109523,2.445777654647827,France,,
5185,47.85859068530221,7.050755023956299,France,,
3659,43.917633959713584,6.61053478717804,France,,
3516,46.01901149374291,5.920413136482239,France,fr,10.0
1689,49.35539452297408,0.0597220659255981,France,,
1009,50.45839539452791,3.272804617881775,France,,
6001,47.91784485926783,-3.617452383041382,France,,
1698,46.01927970441574,5.918074250221252,France,,
8182,46.06407869130664,4.395400285720825,France,,
1147,48.80233041454128,7.375291585922241,France,,
1144,48.8014788768445,7.372341156005859,France,,
8202,49.355691528635816,0.0640404224395752,France,,
4996,47.6362390492865,6.620410680770874,France,,
8582,50.34773345310467,2.5565367937088013,France,,
8177,46.063401261329886,4.3960171937942505,France,,
7729,47.636983679107175,6.617733836174011,France,,
8340,43.63984487778862,5.010189414024353,France,,
3523,46.01904874530305,5.920300483703613,France,fr,8.0
3918,47.85859068530221,7.050755023956299,France,,
1702,46.01936538255092,5.916100144386292,France,,
1682,49.49406831569911,0.0462788343429565,France,,
5182,47.858741856704825,7.050653100013733,France,,
6639,48.290210538824056,7.109506130218506,France,,
1285,50.45839539452791,3.272804617881775,France,,
713,50.783629729513166,2.6550328731536865,France,,
8576,50.3484283531264,2.568150758743286,France,,
4475,50.458753988568645,3.270202875137329,France,,
8207,49.35445108132871,0.0610953569412231,France,,
49,45.41733328351376,5.457023978233337,France,,
8358,50.88731281435364,1.6600406169891355,France,fr,10.0
6406,44.13399327364655,4.613372683525085,France,,
6781,44.13002367258753,4.61400032043457,France,,
1010,50.46117528098506,3.259238004684448,France,,
2259,49.4178450107004,2.255496382713318,France,,
6408,44.12494481237505,4.5994895696640015,France,,
4829,47.74569037981925,7.533354163169861,Germany,,
2188,51.02402007836472,11.49742305278778,Germany,,
839,49.75315373736996,10.715939998626707,Germany,,
8868,50.99660005682486,7.861098647117615,Germany,,
7573,52.265508038644526,9.780852198600767,Germany,,
635,51.38252211543204,6.887531876564026,Germany,,
882,49.13444103051879,11.865304112434387,Germany,,
9166,47.9086007517385,12.900754809379578,Germany,,
7533,50.99710310566783,7.858550548553467,Germany,,
606,47.753030423237504,7.520313262939453,Germany,,
700,48.600647215665845,10.580182671546936,Germany,,
3649,48.59673061517921,10.581475496292114,Germany,,
660,49.75336168814962,10.714486241340635,Germany,,
7086,51.5930855205803,11.755204796791077,Germany,,
861,51.75763709088105,7.643925547599792,Germany,,
8746,51.46024414445285,9.219728708267212,Germany,,
2867,49.29701734674188,8.971307873725891,Germany,,
630,51.37493819994853,6.893443465232849,Germany,,
5203,50.91525058140908,6.297435164451599,Germany,,
7646,49.57592688370707,7.486034631729126,Germany,,
842,49.75306709094863,10.706117749214172,Germany,,
8865,50.9945067748919,7.844688892364502,Germany,,
4824,47.74486433470358,7.533853054046631,Germany,,
3764,49.054970224897886,8.847422003746033,Germany,,
2742,48.15441289876264,7.603488564491272,Germany,,
3229,50.53862529790254,7.254763841629028,Germany,,
1083,48.601122579479465,10.58008074760437,Germany,,
3230,50.5293167223542,7.253170609474182,Germany,,
6275,48.1564133751385,7.614941596984863,Germany,,
2745,48.157440423047206,7.621845602989197,Germany,,
6174,51.67337685312594,9.826068878173828,Germany,,
2619,51.83445822342711,14.148185849189758,Germany,,
9162,47.9154036548978,12.907358407974243,Germany,,
3228,50.54086862858316,7.251850962638855,Germany,,
8662,47.743627046100045,9.043684601783752,Germany,,
3761,49.06206046052398,8.844535946846008,Germany,,
2186,51.02444859846523,11.509750485420229,Germany,,
1089,48.596631277160384,10.581513047218325,Germany,,
629,51.37713481863906,6.896806955337524,Germany,,
4593,53.25772679444273,8.43673288822174,Germany,,
4394,50.915199849874455,6.300745010375977,Germany,,
8661,47.743796588842855,9.044891595840454,Germany,,
1082,48.59748273955472,10.581234097480774,Germany,,
5375,47.91325716944917,12.910984754562378,Germany,,
6278,48.158946961351575,7.621990442276001,Germany,,
2764,49.30068347085509,8.97832453250885,Germany,,
6178,51.67660697297714,9.822142124176024,Germany,,
7079,51.59497173509621,11.75512433052063,Germany,,
8627,50.04123481612416,10.719941854476929,Germany,,
6918,47.74347193204312,9.042874574661257,Germany,,
5373,47.90932710856725,12.91445016860962,Germany,,
3735,54.06730277751976,10.360933542251589,Germany,,
843,49.75456085358255,10.713134407997131,Germany,,
2737,48.15754777878456,7.621813416481018,Germany,,
8860,50.99710310566783,7.857021689414978,Germany,,
6875,52.15093650486895,7.292990684509277,Germany,,
3742,54.0687728795163,10.362816452980042,Germany,,
6175,51.67477072300724,9.824438095092772,Germany,,
8862,50.99605648785104,7.863523364067078,Germany,,
8656,47.74075555747879,9.038658142089844,Germany,,
4042,47.362501100898726,16.49796724319458,Hungary,,
2127,47.35570941072172,16.480119824409485,Hungary,,
2130,47.36613460500397,16.485875844955444,Hungary,,
695,47.32065781305491,18.23783576488495,Hungary,,
7638,46.27112276000307,19.88000214099884,Hungary,,
7635,46.27897602990205,19.88376259803772,Hungary,,
8451,48.06020930024127,21.55096471309662,Hungary,,
3171,47.362501100898726,16.49796724319458,Hungary,,
8460,48.06150357909437,21.548593640327454,Hungary,,
7634,46.27200158125208,19.881643652915955,Hungary,,
4037,47.36489560822446,16.501277089118958,Hungary,,
4036,47.357726296014334,16.484540104866028,Hungary,,
8459,48.06301293244394,21.54446303844452,Hungary,,
4044,47.35391777048264,16.484620571136475,Hungary,,
4041,47.3557203130116,16.480881571769714,Hungary,,
693,47.323585122751496,18.239713311195374,Hungary,,
3270,47.35391777048264,16.484620571136475,Hungary,,
1095,47.68574465654797,16.51122808456421,Hungary,,
1922,47.774694644682,17.364208102226257,Hungary,,
1923,47.77182487019806,17.371004819869995,Hungary,,
1090,47.6871386026252,16.508572697639465,Hungary,,
8461,48.06094069727598,21.549532413482662,Hungary,,
3162,47.35570941072172,16.480119824409485,Hungary,,
2133,47.35602557621408,16.483156085014343,Hungary,,
1091,47.68686414986615,16.50846540927887,Hungary,,
3164,47.36288263058944,16.499560475349426,Hungary,,
9022,47.88333373273503,22.708616852760315,Hungary,,
5814,46.164101778163854,19.562793374061584,Hungary,,
2123,47.35806788697028,16.491647958755493,Hungary,,
4043,47.36362751393793,16.48023247718811,Hungary,,
8450,48.0591085998239,21.55295491218567,Hungary,,
3259,47.35570941072172,16.480119824409485,Hungary,,
5804,46.164562482170936,19.562315940856934,Hungary,,
3261,47.36288263058944,16.499560475349426,Hungary,,
8454,48.062668760753496,21.535128951072693,Hungary,,
1928,47.77337875016329,17.36709415912628,Hungary,,
7334,47.36531345496542,16.501266360282898,Hungary,,
696,47.31718119481991,18.253172636032104,Hungary,,
1929,47.77217458737147,17.370205521583557,Hungary,,
3168,47.36335499685978,16.479685306549072,Hungary,,
2125,47.35772992997232,16.490827202796936,Hungary,,
1924,47.775202967620686,17.362963557243347,Hungary,,
3267,47.3557203130116,16.480881571769714,Hungary,,
2122,47.36278088960839,16.499356627464294,Hungary,,
688,47.31955230235536,18.250216841697693,Hungary,,
1931,47.77366716824972,17.366343140602112,Hungary,,
687,47.31921773534725,18.24262082576752,Hungary,,
7330,47.36468850035212,16.482399702072144,Hungary,,
1920,47.77070720160762,17.373746037483215,Hungary,,
7639,46.28016615815156,19.881691932678223,Hungary,,
1925,47.77418631677406,17.36542582511902,Hungary,,
689,47.31707572897628,18.23757827281952,Hungary,,
8457,48.05888989107521,21.553357243537903,Hungary,,
7340,47.35745011447577,16.489636301994324,Hungary,,
692,47.3135224980642,18.25012028217316,Hungary,,
694,47.31655930697895,18.247910141944885,Hungary,,
2128,47.35619274340996,16.482324600219727,Hungary,,
3163,47.35782077884042,16.48452937602997,Hungary,,
7332,47.36446322419931,16.482152938842773,Hungary,,
7644,46.28019952586078,19.88173484802246,Hungary,,
4431,45.1330953566337,9.555804133415222,Italy,,
8962,45.46064611612576,12.286394834518433,Italy,,
8959,45.46211727252848,12.28371798992157,Italy,,
7844,45.1328531548599,9.555734395980837,Italy,,
5570,45.59477705765656,11.700348258018494,Italy,,
3815,43.48390134957825,11.714370846748352,Italy,,
2860,43.63929360470661,10.290992259979248,Italy,,
5544,43.98305351126484,10.16359806060791,Italy,,
3126,39.31493888313099,8.964537978172302,Italy,,
6791,40.42936203681211,18.04727554321289,Italy,,
3881,41.173962131396,16.67050302028656,Italy,,
4023,41.93576663654284,12.158233523368835,Italy,,
4439,45.78292317264922,12.063680291175842,Italy,,
8116,40.78087045532317,14.624755382537842,Italy,it,10.0
4309,45.56301606791672,8.487324714660645,Italy,,
4292,46.17048069936652,11.007254719734192,Italy,,
728,41.64635217874081,12.538350820541382,Italy,,
3059,43.88566077482452,10.810214281082152,Italy,,
6800,40.42906394593945,18.04713606834412,Italy,,
6224,44.049388101012994,10.956389307975767,Italy,,
3876,41.17451127988568,16.659414768218994,Italy,,
7377,42.65337286567822,13.967024087905884,Italy,,
4317,45.56141233557102,8.483853936195374,Italy,,
6316,45.84516159800168,8.928542733192444,Italy,,
2688,43.48379625877104,11.720604300498962,Italy,,
4287,46.16996060535979,11.0065895318985,Italy,,
4644,43.98803262685448,10.15636682510376,Italy,,
3336,46.56938292197651,11.2063068151474,Italy,,
4436,45.782960582947794,12.063610553741457,Italy,,
8115,40.78260897199459,14.62178885936737,Italy,,
1217,43.80708511498307,10.31568467617035,Italy,,
3038,44.47497784253597,12.031681537628174,Italy,,
4442,45.78287453922354,12.063530087471008,Italy,,
1991,45.775728705668286,13.605113625526428,Italy,,
2631,42.82453441528281,11.08692705631256,Italy,,
6792,40.42673225804791,18.043348789215088,Italy,,
5646,43.95941052408702,12.756226658821106,Italy,en,5.0
5460,44.76372310431893,10.755695700645449,Italy,,
1614,45.93724352189935,8.577286005020142,Italy,,
4258,43.864056018157896,7.57133424282074,Italy,,
2633,42.82237041746637,11.087597608566284,Italy,,
6525,45.77570999809589,13.616963624954224,Italy,,
4254,43.86199451433444,7.574155926704407,Italy,,
6747,44.30454886685376,11.896852254867554,Italy,,
4922,41.23683392169778,16.36988639831543,Italy,,
8124,40.78434744316127,14.619181752204897,Italy,,
3334,46.568320794393856,11.208699345588684,Italy,,
1218,43.81661178298418,10.310894250869753,Italy,,
3057,43.88219649781627,10.805397033691406,Italy,,
7843,45.13231576600143,9.555439352989197,Italy,,
5566,45.58358635316176,11.705760955810549,Italy,,
1988,45.77328544360248,13.619914054870604,Italy,,
685,45.13233468823032,9.554779529571531,Italy,,
6703,41.26115035676125,16.259765625,Italy,,
8948,41.48494795499141,15.52765667438507,Italy,,
5772,41.25863806430286,16.27078950405121,Italy,,
8952,41.486117370205335,15.526873469352722,Italy,,
6585,36.95258399814908,14.58363711833954,Italy,,
4648,43.98493327296652,10.160636901855469,Italy,,
686,45.13065436982862,9.555927515029907,Italy,,
2349,42.79051547931462,21.00464165210724,Kosovo,,
8641,42.47445513445044,21.40336811542511,Kosovo,,
339,42.800458625591375,20.802966356277462,Kosovo,,
341,42.80046649759993,20.8029180765152,Kosovo,,
3690,42.79871101489593,20.807231068611145,Kosovo,,
1599,42.46504148665497,20.34704983234405,Kosovo,,
1596,42.465413469338216,20.346862077713013,Kosovo,,
2338,42.79402292350196,21.0013747215271,Kosovo,,
3691,42.79993119873518,20.80085277557373,Kosovo,,
8646,42.46688554933922,21.414440274238583,Kosovo,,
1600,42.46082289007831,20.35045623779297,Kosovo,,
1594,42.461230515474,20.349994897842407,Kosovo,,
1603,42.46052607380008,20.350853204727173,Kosovo,,
3686,42.79709718640976,20.79656660556793,Kosovo,,
1593,42.456774194750125,20.35486578941345,Kosovo,,
8649,42.46439644761384,21.41632854938507,Kosovo,,
2347,42.789869867478274,21.005215644836422,Kosovo,,
3693,42.79765612689371,20.797569751739506,Kosovo,,
2342,42.79049185948804,21.00468456745148,Kosovo,,
8643,42.46922418589969,21.41036868095398,Kosovo,,
340,42.79719952800272,20.796727538108826,Kosovo,,
345,42.800501921626136,20.802982449531555,Kosovo,,
336,42.80022246486831,20.801711082458496,Kosovo,,
8642,42.46802124331904,21.41160249710083,Kosovo,,
8651,42.47041919149444,21.408990025520325,Kosovo,,
8632,42.47527416169436,21.40234351158142,Kosovo,,
346,42.80022246486831,20.801711082458496,Kosovo,,
3689,42.79870314266404,20.798707008361816,Kosovo,,
8637,42.47430478045857,21.403523683547974,Kosovo,,
2346,42.79530224480189,21.00030720233917,Kosovo,,
347,42.80025395301681,20.803223848342896,Kosovo,,
3688,42.799002286772975,20.806689262390137,Kosovo,,
8648,42.46677079165852,21.4145690202713,Kosovo,,
8634,42.47460548808104,21.403207182884216,Kosovo,,
2345,42.790196610895634,21.004995703697205,Kosovo,,
343,42.80310749994232,20.80626010894776,Kosovo,,
8640,42.47564608357055,21.40179097652436,Kosovo,,
337,42.79928568512108,20.80613136291504,Kosovo,,
8653,42.46720212116094,21.41379654407501,Kosovo,,
3682,42.799108561305616,20.80650150775909,Kosovo,,
344,42.79729793322093,20.79689919948578,Kosovo,,
1604,42.46463388607066,20.347232222557068,Kosovo,,
8633,42.47589139253452,21.40139937400818,Kosovo,,
342,42.80202907147151,20.804908275604248,Kosovo,,
338,42.79965173939959,20.799962282180783,Kosovo,,
8650,42.46867811614604,21.41109824180603,Kosovo,,
3683,42.79765612689371,20.797569751739506,Kosovo,,
1598,42.46224758862772,20.3488951921463,Kosovo,,
8647,42.46562716051835,21.415035724639893,Kosovo,,
8639,42.47576873817275,21.40159785747528,Kosovo,,
8636,42.475147549487474,21.40252590179444,Kosovo,,
1595,42.465176033838105,20.34693717956543,Kosovo,,
3687,42.79636110919705,20.795724391937256,Kosovo,en,8.0
8631,42.47540077364502,21.40216648578644,Kosovo,,
1597,42.45753012939318,20.35404503345489,Kosovo,,
1602,42.45785466397939,20.35370171070099,Kosovo,,
8652,42.46737227785357,21.41279339790344,Kosovo,en,8.0
2340,42.79062176842254,21.00459337234497,Kosovo,,
2343,42.7923459884538,21.002967953681942,Kosovo,,
2344,42.79076742357032,21.004448533058167,Kosovo,,
5709,49.49770234021045,5.867519974708557,Luxembourg,,
4723,49.50980800116869,5.885651707649231,Luxembourg,,
5711,49.50889887425987,5.885791182518005,Luxembourg,,
5710,49.50053829459597,5.86795449256897,Luxembourg,,
5718,49.50988463178357,5.872149467468262,Luxembourg,,
5317,49.49759433378495,5.867412686347961,Luxembourg,,
5318,49.50988463178357,5.872149467468262,Luxembourg,,
4727,49.50902427207936,5.871022939682007,Luxembourg,,
5311,49.50889887425987,5.885791182518005,Luxembourg,,
7162,49.50053829459597,5.86795449256897,Luxembourg,,
4066,49.83919336368908,5.829555988311768,Luxembourg,,
575,49.85858801748455,5.8314818143844604,Luxembourg,,
9248,49.49826675700808,5.871017575263977,Luxembourg,,
7171,49.4986883233324,5.870518684387207,Luxembourg,,
5716,49.49786609143317,5.8698320388793945,Luxembourg,,
4732,49.50649883737853,5.869295597076416,Luxembourg,,
574,49.86123701286749,5.84222674369812,Luxembourg,,
4730,49.5072860903189,5.885694622993469,Luxembourg,,
4068,49.839487437402056,5.837463140487671,Luxembourg,,
5319,49.4986883233324,5.870518684387207,Luxembourg,,
7161,49.49770234021045,5.867519974708557,Luxembourg,,
4728,49.51038272785411,5.872417688369751,Luxembourg,,
5712,49.498447926451945,5.867359042167664,Luxembourg,,
5715,49.49781034639759,5.867337584495544,Luxembourg,,
5313,49.50007493736021,5.86794912815094,Luxembourg,,
580,49.83956355030699,5.832710266113281,Luxembourg,,
5308,49.50186214823648,5.867916941642761,Luxembourg,,
7168,49.49786609143317,5.8698320388793945,Luxembourg,,
9243,49.49762569051367,5.8704328536987305,Luxembourg,,
583,49.83832151111082,5.828021764755249,Luxembourg,,
4729,49.49783473485846,5.867230296134949,Luxembourg,,
4061,49.86484715913664,5.843245983123779,Luxembourg,,
5708,49.50186214823648,5.867916941642761,Luxembourg,,
7160,49.50186214823648,5.867916941642761,Luxembourg,,
5315,49.49781034639759,5.867337584495544,Luxembourg,,
587,49.839470138997854,5.831433534622192,Luxembourg,,
7167,49.49781034639759,5.867337584495544,Luxembourg,,
5713,49.50007493736021,5.86794912815094,Luxembourg,,
585,49.83950473580006,5.837393403053284,Luxembourg,,
586,49.83950127612093,5.831701755523682,Luxembourg,,
5309,49.49770234021045,5.867519974708557,Luxembourg,,
4062,49.839528953546846,5.832533240318298,Luxembourg,,
4721,49.50945271220405,5.885753631591797,Luxembourg,,
590,49.839411324377295,5.8378225564956665,Luxembourg,,
7166,49.50803153054119,5.870341658592224,Luxembourg,,
5717,49.49759433378495,5.867412686347961,Luxembourg,,
4724,49.502106012105855,5.867412686347961,Luxembourg,,
7164,49.498447926451945,5.867359042167664,Luxembourg,,
5316,49.49786609143317,5.8698320388793945,Luxembourg,,
4725,49.50593451552899,5.888398289680481,Luxembourg,,
7169,49.49759433378495,5.867412686347961,Luxembourg,,
7163,49.50889887425987,5.885791182518005,Luxembourg,,
7165,49.50007493736021,5.86794912815094,Luxembourg,,
4726,49.49858031908292,5.870642066001892,Luxembourg,,
5310,49.50053829459597,5.86795449256897,Luxembourg,,
4072,49.838186580140416,5.838654041290283,Luxembourg,,
9244,49.51011103971709,5.872396230697632,Luxembourg,,
7170,49.50988463178357,5.872149467468262,Luxembourg,,
588,49.83802051073684,5.827882289886475,Luxembourg,,
582,49.839494356762,5.832329392433167,Luxembourg,,
7628,51.46876631814087,4.038146138191223,Netherlands,,
8225,50.95968368011231,5.981288552284241,Netherlands,,
4175,50.95991006387081,5.979883074760437,Netherlands,,
1749,51.90399012032765,6.224575638771057,Netherlands,,
4180,50.97213990485287,5.97730815410614,Netherlands,,
4129,52.38301289044532,6.083711385726929,Netherlands,,
1748,51.91658193238783,6.234065294265747,Netherlands,,
2246,52.22474020326524,4.8557692766189575,Netherlands,,
81,52.32084196360472,5.027157068252564,Netherlands,,
4177,50.97130891817645,5.981615781784058,Netherlands,,
1751,51.91255161300495,6.232091188430786,Netherlands,,
4167,50.96000805052873,5.97956657409668,Netherlands,,
3019,51.08312852220962,5.82973837852478,Netherlands,,
2241,52.22606117936223,4.851086139678955,Netherlands,,
6187,53.4044088565156,6.288347840309143,Netherlands,,
545,51.12446527402168,5.653377771377564,Netherlands,,
7203,51.65000068841255,5.139428973197937,Netherlands,,
6892,53.26177646621011,5.547940135002136,Netherlands,,
3020,51.09257334700996,5.837940573692322,Netherlands,,
1741,52.36779771528055,4.523679614067078,Netherlands,,
1541,53.40353577497498,6.290895938873291,Netherlands,,
1750,51.91244241212621,6.232171654701233,Netherlands,,
4493,52.16734169939099,5.49791693687439,Netherlands,,
4501,52.16740421514518,5.496125221252441,Netherlands,,
5944,51.67558573444737,4.246768355369568,Netherlands,,
2247,52.225331689958495,4.85370934009552,Netherlands,,
1758,51.9121512084846,6.232359409332275,Netherlands,,
6897,53.26012070380713,5.547655820846558,Netherlands,,
6220,52.345243680149,5.26244580745697,Netherlands,,
3326,51.64920851603173,5.1353520154953,Netherlands,,
919,51.09309556966736,5.8383965492248535,Netherlands,,
8993,52.52265135151114,6.379049420356751,Netherlands,,
2242,52.2264062039595,4.849691390991211,Netherlands,,
913,51.08400805397218,5.830644965171814,Netherlands,,
7626,51.46871953408123,4.03796374797821,Netherlands,,
5940,51.67587514314428,4.24247145652771,Netherlands,,
4122,52.381519769044985,6.08366847038269,Netherlands,,
6599,52.5197038895229,6.387616395950317,Netherlands,,
8219,50.95928159280703,5.981674790382385,Netherlands,,
5084,52.31976645739584,5.017458200454712,Netherlands,,
7630,51.46851568869013,4.036660194396973,Netherlands,,
3328,51.65311598837434,5.120433568954468,Netherlands,,
1538,53.40570085639644,6.28442645072937,Netherlands,,
6598,52.51150675135864,6.392101049423218,Netherlands,,
4163,50.95991006387081,5.979883074760437,Netherlands,,
1410,53.40353577497498,6.290895938873291,Netherlands,,
914,51.09008681243847,5.835719704627991,Netherlands,,
4169,50.96420101009016,5.984770059585571,Netherlands,,
5917,51.12485246283924,5.652669668197632,Netherlands,,
5088,52.31739894004375,5.0278812646865845,Netherlands,en,7.0
80,52.30881972763845,5.009969472885132,Netherlands,,
849,51.72536674275821,4.893261194229126,Netherlands,nl,10.0
915,51.09344596091864,5.844592452049255,Netherlands,,
3323,51.65475343199165,5.120573043823242,Netherlands,,
1409,53.39806981341724,6.300460696220398,Netherlands,,
2239,52.227158676876485,4.846671223640442,Netherlands,,
4496,52.16739763454365,5.499016642570496,Netherlands,,
73,52.319592668878414,5.017527937889099,Netherlands,,
4556,50.95995736780043,5.979019403457642,Netherlands,,
3013,51.0865016546397,5.832678079605103,Netherlands,,
6264,50.66821194973318,18.153035044670105,Poland,,
5050,51.44718375006741,22.191551327705383,Poland,,
1497,50.79243364209597,21.14167034626007,Poland,,
1956,50.28973340099188,19.513397812843323,Poland,,
4121,50.66808954876859,18.152573704719543,Poland,,
2580,49.98620031634192,18.713348507881165,Poland,,
1442,53.794263235545,20.17944931983948,Poland,,
798,51.01716321802476,15.566259026527405,Poland,,
3177,54.61801483750932,18.15728366374969,Poland,,
1447,53.79435195874615,20.18059730529785,Poland,,
3185,54.618167037661294,18.156618475914,Poland,,
1654,51.61145111792561,17.62130320072174,Poland,,
2217,51.17418068200672,23.26668262481689,Poland,,
2582,49.98553462171563,18.713546991348267,Poland,,
2221,51.175576408966776,23.24826657772064,Poland,,
878,50.97429499613696,18.744006156921387,Poland,,
2587,49.98034326727685,18.715639114379883,Poland,,
5055,51.44749467566044,22.191304564476013,Poland,,
2219,51.1752669984422,23.252488374710083,Poland,,
1837,53.83966180195776,22.31453597545624,Poland,,
1833,53.83963331462283,22.315383553504944,Poland,,
1653,51.61130121115525,17.621523141860962,Poland,,
5842,54.62080094195096,18.151983618736267,Poland,,
2214,51.17455400106755,23.26186001300812,Poland,,
1496,50.79737409469604,21.15784406661988,Poland,,
3180,54.62229796721263,18.14970374107361,Poland,,
879,50.97554814586735,18.743072748184204,Poland,,
1,49.55708367940724,20.43856143951416,Poland,,
4676,54.61801483750932,18.15728366374969,Poland,,
5792,51.17473561465289,23.2595694065094,Poland,,
9,49.556829650057466,20.43696820735932,Poland,,
1963,50.28943864736746,19.514411687850952,Poland,,
1438,53.794944498170025,20.190011858940125,Poland,,
5466,53.26006615240465,16.607449650764465,Poland,,
757,51.35814866839553,16.015453934669495,Poland,,
2216,51.174002429497136,23.268699645996094,Poland,,
8524,51.49267671749431,19.831523895263672,Poland,,
5847,54.61800862524615,18.157203197479248,Poland,,
2,49.55698624364848,20.436512231826782,Poland,,
1336,52.40498147577264,20.328054428100582,Poland,,
4113,50.66821194973318,18.153035044670105,Poland,,
4680,54.61809249071919,18.156715035438538,Poland,,
8533,51.49423311476056,19.837891459465027,Poland,,
1664,51.59605810578725,17.613685727119446,Poland,,
1498,50.79724524944197,21.154764890670776,Poland,,
2577,49.99196008716896,18.711374402046204,Poland,,
803,51.01977177899349,15.57563066482544,Poland,,
8532,51.48623680955762,19.820762872695923,Poland,,
5057,51.44834051629064,22.19062864780426,Poland,,
8373,51.87916017816264,16.457675099372864,Poland,,
5846,54.61975423389262,18.16307187080384,Poland,,
4117,50.66952434002167,18.164713382720947,Poland,,
1962,50.28963400753187,19.514315128326416,Poland,,
750,51.361910353229234,16.016752123832703,Poland,,
1961,50.28987734977281,19.513016939163208,Poland,,
3183,54.61970143188248,18.15388798713684,Poland,,
796,51.01733195215158,15.567578673362732,Poland,,
802,51.01685949504915,15.562686324119568,Poland,,
6103,54.20037952088799,19.28498089313507,Poland,,
5329,53.25478717286438,22.843998670578003,Poland,,
952,41.37437721191188,-8.73961865901947,Portugal,,
4976,41.37499310979484,-8.724008202552795,Portugal,,
6480,38.597985645619815,-8.932818174362183,Portugal,,
949,41.36756571707463,-8.723337650299072,Portugal,,
954,41.36905126345784,-8.724045753479004,Portugal,,
7780,40.28553320852711,-8.523443341255188,Portugal,,
2595,38.81044051411536,-9.472317695617676,Portugal,,
4051,41.579112635574376,-8.789845705032349,Portugal,,
955,41.36622104692907,-8.738309741020203,Portugal,,
4045,41.57999143272448,-8.789121508598328,Portugal,,
4968,41.36893048859585,-8.723756074905396,Portugal,,
5598,41.57599461495886,-8.79058063030243,Portugal,,
2593,38.81470825003643,-9.472832679748535,Portugal,,
2590,38.81860792615953,-9.472038745880129,Portugal,,
2886,38.59441352955335,-8.927035331726074,Portugal,,
5591,41.57469439200625,-8.790382146835327,Portugal,,
946,41.37541175600697,-8.740831017494202,Portugal,,
5588,41.578603008004535,-8.790135383605957,Portugal,,
2588,38.80856781274258,-9.48045015335083,Portugal,,
444,40.28106034314641,-8.510692119598389,Portugal,,
7785,40.280487402137,-8.51017713546753,Portugal,,
4972,41.36514206995068,-8.741748332977295,Portugal,,
4048,41.57596652399886,-8.790645003318787,Portugal,,
7782,40.28569280209791,-8.521190285682678,Portugal,,
2589,38.80865977690584,-9.48244571685791,Portugal,,
5593,41.57962225912263,-8.789486289024353,Portugal,,
2888,38.59118505577794,-8.921295404434204,Portugal,,
7784,40.28556594570057,-8.518491983413696,Portugal,pt,10.0
437,40.28570917064795,-8.52014422416687,Portugal,,
441,40.27968936906825,-8.509442210197449,Portugal,pt,10.0
4054,41.57791681019936,-8.790226578712463,Portugal,,
6472,38.59502985804252,-8.92838716506958,Portugal,,
6479,38.58419092898754,-8.938552737236023,Portugal,,
435,40.27992673373444,-8.50966215133667,Portugal,pt,10.0
4056,41.57515589389016,-8.79055380821228,Portugal,,
6471,38.58472767268279,-8.931096196174622,Portugal,,
4973,41.37114465877576,-8.7323659658432,Portugal,,
2881,38.58565019153591,-8.924948573112488,Portugal,,
438,40.28548819488776,-8.523985147476196,Portugal,,
956,41.37231612560615,-8.724920153617859,Portugal,,
5592,41.57931728803365,-8.789700865745544,Portugal,,
6476,38.585507621214646,-8.9296156167984,Portugal,,
6473,38.59187269093201,-8.922083973884583,Portugal,,
2879,38.58480315194319,-8.930929899215698,Portugal,,
2597,38.80849256924799,-9.48144257068634,Portugal,,
4047,41.576997855520176,-8.790484070777893,Portugal,,
2884,38.58598145677763,-8.924599885940552,Portugal,,
6474,38.58419931563861,-8.938719034194946,Portugal,,
7790,40.28019683734093,-8.510059118270874,Portugal,,
5589,41.57654037975706,-8.790451884269714,Portugal,,
2885,38.5857466360045,-8.922427296638489,Portugal,,
2887,38.58460187373916,-8.931037187576294,Portugal,pt,10.0
5595,41.578225800756655,-8.790274858474731,Portugal,,
950,41.37413568173844,-8.732768297195435,Portugal,,
7783,40.28527131056882,-8.517070412635803,Portugal,,
440,40.28502578031132,-8.516791462898254,Portugal,,
7789,40.283888145146,-8.514093160629272,Portugal,,
2878,38.585230866253625,-8.92837643623352,Portugal,,
2598,38.81261412361749,-9.472167491912842,Portugal,,
7781,40.28570507851083,-8.519983291625977,Portugal,,
5287,46.92907012894565,26.22461199760437,Romania,,
8194,45.83346028228596,21.055362224578857,Romania,,
5894,44.48434758194122,24.261476397514343,Romania,,
1900,45.31358182053671,27.863205671310425,Romania,,
8195,45.833654639147966,21.054729223251343,Romania,,
5889,44.4939875036321,24.260757565498352,Romania,,
7752,46.63683699967859,24.34017241001129,Romania,,
7706,47.214066198192256,27.28271126747132,Romania,,
3926,45.18235445236482,28.633992075920105,Romania,,
7912,45.756303125004194,25.40060520172119,Romania,,
9024,47.87844075713224,22.714147567749023,Romania,,
3432,45.8343311452399,21.052626371383667,Romania,,
8496,46.64789687305316,24.34488773345948,Romania,,
211,44.99677787456281,25.3811913728714,Romania,,
5513,44.16893426649386,28.443737626075745,Romania,,
3435,45.82987203366688,21.0662305355072,Romania,,
5285,46.9280517000779,26.2339460849762,Romania,,
4545,44.168984288332695,28.44338357448578,Romania,,
326,44.28147591833098,27.18365728855133,Romania,,
8495,46.64840138211511,24.34181392192841,Romania,,
7910,45.75633681034685,25.40061056613922,Romania,,
5898,44.4945347003048,24.26088094711304,Romania,,
7909,45.75658757836982,25.40061056613922,Romania,,
7949,44.6717620867021,22.541890740394592,Romania,,
7709,47.21412085577566,27.28379487991333,Romania,,
1905,45.31281601831464,27.86532461643219,Romania,,
4946,47.62750512302526,26.1217600107193,Romania,,
5294,46.929593989490144,26.223485469818115,Romania,,
8854,47.21460184008038,27.28594601154328,Romania,,
3255,45.4522661889865,28.014954328536987,Romania,,
4789,44.678639915664064,22.527530193328857,Romania,,
1938,45.19832746229452,26.613054871559143,Romania,,
5511,44.16859950386521,28.44544887542725,Romania,,
8490,46.64626547212575,24.34019923210144,Romania,,
7894,45.00995094132424,24.698467254638672,Romania,,
8798,45.203075024067005,26.621026396751404,Romania,,
7942,44.68090564394189,22.523335218429565,Romania,,
5217,44.16767601090157,28.452256321907043,Romania,,
1902,45.31406845795084,27.86186993122101,Romania,,
3250,45.4460491116154,28.010796904563904,Romania,,
3304,44.2789411428268,27.18277752399445,Romania,,
7893,45.0102429675085,24.69923973083496,Romania,,
1935,45.19851268510814,26.613473296165463,Romania,,
3430,45.83454044932634,21.051730513572693,Romania,,
7907,45.75597749897671,25.40040135383606,Romania,,
5291,46.93153552584363,26.21709644794464,Romania,,
8796,45.19783983200412,26.610699892044067,Romania,,
8852,47.21448888203716,27.284916043281555,Romania,,
9019,47.87984753495104,22.712570428848267,Romania,,
4790,44.67616048184942,22.531853914260864,Romania,,
1939,45.20920166591782,26.63007616996765,Romania,,
325,44.277739006518686,27.18238592147827,Romania,,
7902,45.756078555533406,25.400481820106503,Romania,de,6.0
3933,45.182638036000526,28.634946942329407,Romania,,
5892,44.48567177831882,24.261175990104675,Romania,,
5221,44.16859950386521,28.44544887542725,Romania,,
3929,45.18856650107168,28.650648593902588,Romania,,
1933,45.19771886880457,26.609053015708923,Romania,,
9017,47.87737215612583,22.715343832969666,Romania,,
8431,44.28994741981296,27.18651652336121,Romania,,
8805,52.58388635576208,85.01337110996246,Russia,,
1131,55.70714594890876,84.79634821414948,Russia,,
7429,52.62858599405527,38.27419459819794,Russia,,
314,51.22565670606196,58.225897550582886,Russia,,
6296,54.52966769816968,35.98896324634552,Russia,,
2142,54.552677783199584,53.59230637550354,Russia,,
9012,50.65957169798972,36.36369466781616,Russia,,
2833,61.74196578109888,50.69688856601715,Russia,,
6563,56.89447838778847,35.7183712720871,Russia,,
5403,56.095930366165646,54.22774851322174,Russia,ru,10.0
7118,59.60569351878544,60.49470841884613,Russia,,
7108,59.5736054927041,60.472880601882935,Russia,,
5352,48.98621602074937,44.19123888015747,Russia,,
7062,62.02409004495604,129.6529895067215,Russia,,
7661,60.28974207128056,29.81717884540558,Russia,,
6972,56.09183369755178,54.24029588699341,Russia,,
5301,57.0144046497106,53.89611482620239,Russia,,
3345,57.01003526477837,53.87948513031006,Russia,ru,5.0
2795,56.12454401467031,47.38593220710754,Russia,,
1487,50.24833006564373,127.49196588993073,Russia,,
9117,60.2886254059313,29.820944666862488,Russia,,
4532,43.96417153607521,42.77637898921967,Russia,,
2842,61.74228324785671,50.69432973861694,Russia,,
7186,43.2166940630473,45.55627405643463,Russia,,
408,56.95857755608773,53.03732514381409,Russia,,
224,55.0125869499667,36.45916521549225,Russia,,
1071,55.01179335001922,36.46276473999024,Russia,,
5227,55.89482500065617,48.54547798633576,Russia,,
6968,56.09730679688198,54.24540281295776,Russia,,
9052,61.819254706045314,34.084197878837585,Russia,,
5481,53.7559331148498,87.10473239421844,Russia,,
2953,43.11931874089319,44.483739137649536,Russia,,
426,56.79166290372172,53.03119897842407,Russia,,
7003,44.07047076510997,42.8658789396286,Russia,,
3359,55.81445495179207,51.98948800563812,Russia,,
3969,55.3174672302826,43.72158944606781,Russia,,
8540,55.32036395517764,43.72401416301727,Russia,,
7192,43.21914131231426,45.56384325027466,Russia,,
3564,57.04810992223662,40.73778212070465,Russia,,
290,53.47588631223394,55.850651264190674,Russia,,
6282,44.27486991088995,42.99989283084869,Russia,,
7233,52.60312898343352,103.8241159915924,Russia,,
4405,68.81507417037795,32.942397594451904,Russia,,
1637,55.89781173349914,48.55055272579193,Russia,,
3681,50.06331706055744,45.32205283641815,Russia,,
1175,58.611854235289854,49.380406737327576,Russia,,
6963,56.097390578032645,54.23346698284149,Russia,ru,10.0
430,56.79016154997248,53.03369343280792,Russia,,
6771,55.74069267378857,52.02207148075104,Russia,,
7240,52.604555957693634,103.83731782436372,Russia,,
7436,52.62549259797564,38.27229022979736,Russia,,
385,44.27486991088995,43.00004839897156,Russia,,
3214,54.30322866539456,37.378084659576416,Russia,,
9011,50.66102035171309,36.3490229845047,Russia,,
373,53.70477605662319,55.870853662490845,Russia,,
388,44.27510420641482,42.999587059021,Russia,,
3803,57.2605842835508,60.11107742786408,Russia,,
364,52.60321369096607,39.35207784175873,Russia,,
8420,60.99465201130732,76.37622892856598,Russia,,
7863,47.09100239575585,39.39344823360443,Russia,,
7997,42.97076276766478,21.882576942443848,Serbia,,
7505,45.39162422063646,20.299172401428223,Serbia,,
2360,43.42018280902846,21.746369004249573,Serbia,,
8001,42.97105715346271,21.88425064086914,Serbia,,
7509,45.39164682383688,20.284323692321777,Serbia,,
7996,42.96897287168636,21.87214314937592,Serbia,,
6716,44.99955459780725,20.20552039146424,Serbia,,
3483,43.60397441548952,21.246367692947388,Serbia,,
7503,45.39075775780489,20.302578806877136,Serbia,,
3479,43.60343835155391,21.225966811180115,Serbia,,
7871,45.39207251575675,20.288389921188354,Serbia,,
7507,45.39137558483506,20.28172194957733,Serbia,,
6017,43.60387730281201,21.246898770332336,Serbia,,
7869,45.39172593496724,20.29874324798584,Serbia,,
2359,43.414139265997306,21.744555830955505,Serbia,,
7992,42.970841270682,21.882394552230835,Serbia,,
2355,43.41293516119049,21.7497056722641,Serbia,,
7994,42.97063323746736,21.881471872329712,Serbia,,
6024,43.60292170570435,21.233997344970703,Serbia,,
2351,43.41420940728693,21.74646556377411,Serbia,,
5736,43.6936860759555,20.58211863040924,Serbia,,
6715,44.99782485158903,20.20663619041443,Serbia,,
2350,43.41279487557821,21.74994707107544,Serbia,,
8159,43.15172007142937,20.52227318286896,Serbia,,
3486,43.604875613659175,21.239184737205505,Serbia,,
6018,43.60358596383884,21.23059630393982,Serbia,,
8158,43.15172789859972,20.52226245403289,Serbia,,
5732,43.69452774933467,20.584720373153687,Serbia,,
3476,43.60451047464835,21.242998838424683,Serbia,,
7511,45.39217799644479,20.289945602416992,Serbia,,
7876,45.39209511877792,20.288867354393005,Serbia,,
5740,43.69544698280083,20.58790147304535,Serbia,,
7875,45.392166694951925,20.28979539871216,Serbia,,
7501,45.392260873990125,20.291656851768494,Serbia,,
7502,45.39222696955443,20.29047667980194,Serbia,,
5739,43.69280560314252,20.581281781196594,Serbia,,
5741,43.69197554204516,20.580729246139526,Serbia,,
3487,43.60349273506944,21.235402822494507,Serbia,,
6023,43.60463089307768,21.24244630336761,Serbia,,
6707,44.99818901302709,20.20637333393097,Serbia,,
2353,43.41403015716301,21.74767255783081,Serbia,,
5815,46.15789304382256,19.57064688205719,Serbia,,
6709,45.00557795558393,20.202006697654724,Serbia,,
2357,43.41095164832211,21.752843856811523,Serbia,,
6714,44.9990766468363,20.20581543445587,Serbia,,
5805,46.16001471885923,19.56777691841125,Serbia,,
8155,43.15171615784385,20.52218198776245,Serbia,,
5735,43.69550128307111,20.588271617889404,Serbia,,
5743,43.69449284145696,20.58459162712097,Serbia,,
3481,43.60372969124194,21.22959852218628,Serbia,,
7870,45.39190675999214,20.28674840927124,Serbia,,
7867,45.39219306509841,20.294591188430783,Serbia,,
3480,43.6037801899777,21.228917241096497,Serbia,,
5811,46.15366431262004,19.57626342773437,Serbia,,
6708,45.00820633829792,20.193032026290894,Serbia,,
5733,43.693406808445474,20.58186113834381,Serbia,,
6027,43.60331404619092,21.23485028743744,Serbia,,
8154,43.151735725769015,20.52222490310669,Serbia,,
7990,42.97048408114446,21.881171464920044,Serbia,,
6711,45.009924393415474,20.196679830551147,Serbia,,
2789,46.6214164340503,15.569944381713867,Slovenia,,
2790,46.62192855870808,15.569472312927246,Slovenia,,
5127,46.17445554112976,14.274367690086365,Slovenia,,
5116,46.18004212274687,14.264926314353945,Slovenia,,
8968,45.48515410955696,14.231656193733215,Slovenia,,
5113,46.18386399819843,14.262378215789797,Slovenia,,
5108,46.19531689071849,14.260645508766174,Slovenia,,
3789,45.488049975527815,14.229075908660889,Slovenia,,
5112,46.18043583647696,14.263799786567688,Slovenia,,
5107,46.195450567979805,14.261428713798525,Slovenia,,
5123,46.17379804040644,14.27873432636261,Slovenia,,
8965,45.48378886396517,14.23278272151947,Slovenia,hr,10.0
8971,45.48812143007879,14.228587746620178,Slovenia,,
1260,46.619297881300525,15.56589961051941,Slovenia,,
5121,46.17363830740547,14.276776313781738,Slovenia,,
8966,45.48512778281983,14.234638810157776,Slovenia,,
5111,46.18236722148393,14.26223337650299,Slovenia,,
2794,46.620992730132,15.573420524597168,Slovenia,,
2786,46.62199119232656,15.569102168083193,Slovenia,,
2785,46.62102220529451,15.56935966014862,Slovenia,,
8970,45.48564679336775,14.231387972831726,Slovenia,,
3780,45.48577842571754,14.231328964233398,Slovenia,,
3782,45.48569944634457,14.235454201698303,Slovenia,en,10.0
5109,46.19554339921993,14.262356758117676,Slovenia,,
1262,46.62130221853789,15.569397211074827,Slovenia,,
1266,46.62020057912946,15.56887686252594,Slovenia,,
2793,46.62000898737901,15.568576455116272,Slovenia,,
1269,46.62147538389792,15.569413304328918,Slovenia,,
8969,45.48833579318796,14.227879643440248,Slovenia,,
8973,45.48739935886701,14.229821562767029,Slovenia,,
5130,46.17400606408427,14.275054335594175,Slovenia,,
5128,46.173671739932416,14.275869727134705,Slovenia,,
3791,45.48545122473723,14.235153794288635,Slovenia,fr,8.0
3787,45.48592510140216,14.2365700006485,Slovenia,,
5115,46.18127896866076,14.262936115264893,Slovenia,,
1258,46.62205382587263,15.571473240852356,Slovenia,,
5118,46.18019440858061,14.264293313026428,Slovenia,,
2783,46.62138695910244,15.573082566261292,Slovenia,,
1268,46.62199119232656,15.569102168083193,Slovenia,,
1263,46.62208330045743,15.571677088737488,Slovenia,,
5124,46.17431066876426,14.280965924263,Slovenia,,
8974,45.48583483948761,14.23753023147583,Slovenia,,
5114,46.18178038475358,14.262437224388124,Slovenia,,
3788,45.48681643004255,14.230679869651794,Slovenia,,
3790,45.48486827575269,14.23804521560669,Slovenia,,
5117,46.18082211890609,14.263445734977722,Slovenia,,
8975,45.48904280958988,14.22581434249878,Slovenia,,
8967,45.485891253201146,14.23130214214325,Slovenia,,
1265,46.621147474556096,15.574257373809814,Slovenia,,
2791,46.62136853725187,15.569917559623718,Slovenia,,
1261,46.62078640354525,15.57511031627655,Slovenia,,
3785,45.4878168074151,14.229456782341003,Slovenia,,
8976,45.48847494073439,14.227391481399536,Slovenia,,
2792,46.621147474556096,15.574257373809814,Slovenia,,
5126,46.17700003199704,14.271642565727234,Slovenia,,
2787,46.62077535031304,15.569327473640442,Slovenia,,
3783,45.489339904259566,14.225074052810667,Slovenia,,
5129,46.17452611983626,14.282097816467283,Slovenia,,
3786,45.49020861512631,14.22353982925415,Slovenia,,
5119,46.17914697066149,14.26677703857422,Slovenia,,
7018,41.03872368208323,-5.743285417556763,Spain,,
565,38.57808099342054,-0.65193772315979,Spain,,
8137,43.343243383797216,-5.97682535648346,Spain,,
2490,42.37910974349134,-8.907465934753418,Spain,,
2205,42.12998584637416,2.7274471521377563,Spain,,
7677,42.36522686497668,-3.842763304710388,Spain,,
977,42.051260432464886,-4.57931399345398,Spain,,
4101,39.99822558695476,-4.972686767578125,Spain,,
4412,41.32820047856222,1.5389657020568848,Spain,,
4527,40.586296492714354,-3.274950385093689,Spain,,
2641,42.8127770932783,-2.816147804260254,Spain,,
2200,42.12601529288565,2.736175060272217,Spain,,
3449,43.53267098519797,-5.833316445350647,Spain,,
3272,40.58220618858351,-3.279016613960266,Spain,,
7021,41.03873582067661,-5.74461042881012,Spain,,
935,37.2362693956044,-3.831921815872192,Spain,,
1994,39.07868738974739,-1.9556200504302976,Spain,,
4418,41.3279990606629,1.5393304824829102,Spain,,
2331,40.58533912323341,-3.275894522666931,Spain,,
2481,36.95941269974257,-2.5963085889816284,Spain,,
4906,41.73923697498762,-4.872887134552002,Spain,,
278,41.61611208163404,1.5751701593399048,Spain,,
980,42.05499668284392,-4.57956075668335,Spain,,
7028,41.0413091519298,-5.75559675693512,Spain,,
3279,40.586679436669584,-3.2748860120773315,Spain,,
4094,43.27973996521777,-2.147853970527649,Spain,,
1170,42.42393962411333,-8.013737797737122,Spain,,
5558,38.86922998569796,-0.2650505304336548,Spain,,
2642,42.81642887037685,-2.814801335334778,Spain,,
7264,42.81237569945256,-2.8153109550476074,Spain,,
7036,37.32495719386357,-7.047638297080994,Spain,,
1252,41.73965326843432,-4.873895645141602,Spain,,
4347,41.2654407900782,0.9277063608169556,Spain,,
2336,40.5808046722631,-3.28042209148407,Spain,,
569,38.57657963938294,-0.6524312496185303,Spain,,
7586,41.74020165087504,-4.875204563140869,Spain,,
2001,39.07883730422685,-1.9558185338974,Spain,,
562,38.57652512034983,-0.6537777185440063,Spain,,
2420,37.88701365181764,-4.868300557136536,Spain,,
7689,41.69058812591547,0.4845678806304931,Spain,,
2275,41.83824269310628,1.7406463623046875,Spain,,
2416,37.88716606571214,-4.867528080940247,Spain,,
4354,41.26274720510151,0.9383171796798706,Spain,,
7039,37.32853187930674,-7.036544680595398,Spain,,
4089,43.28237994345258,-2.152789235115052,Spain,,
2332,40.58245063609695,-3.278769850730896,Spain,,
2278,41.83904201960573,1.7398202419281006,Spain,,
8520,42.13032798663125,2.72661030292511,Spain,,
5337,41.80656934225064,1.7621952295303345,Spain,,
6345,41.77731265107872,-1.130518913269043,Spain,,
5550,39.06997098089517,-0.2642834186553955,Spain,,
1731,37.642301634737,-1.095564365386963,Spain,,
281,41.61216562904869,1.5623652935028076,Spain,,
2003,39.07890809706476,-1.9556844234466555,Spain,,
7307,43.53503940371337,-5.834898948669434,Spain,,
525,41.80927236242337,1.7613208293914795,Spain,bg,8.0
2996,36.5279069320444,-6.311194896697998,Spain,,
4225,42.37918107208213,-8.905341625213623,Spain,,
3720,37.88620500615576,-4.8681557178497314,Spain,,
5442,42.4323498268374,-8.015717267990112,Spain,,
6926,46.6291604205982,6.2470632791519165,Switzerland,,
8767,47.46027487352521,9.092608094215391,Switzerland,,
2103,47.37182416959584,7.6839494705200195,Switzerland,,
2073,46.86619167017875,7.511504888534546,Switzerland,,
2076,46.87158288423669,7.498254776000977,Switzerland,,
8768,47.45797537523353,9.079095125198364,Switzerland,,
2075,46.86293100652992,7.514455318450928,Switzerland,,
7273,47.07396905215143,7.113438248634338,Switzerland,,
8769,47.45979249499544,9.089845418930054,Switzerland,,
2121,47.31545371052295,7.689989805221558,Switzerland,,
7274,47.076303559575024,7.1161311864852905,Switzerland,,
2114,47.31032911434912,7.66869843006134,Switzerland,,
8771,47.45940441281533,9.0874582529068,Switzerland,,
2109,47.36834365315957,7.687565088272095,Switzerland,,
7796,47.42821790949378,7.456889748573303,Switzerland,,
7801,47.42822516769425,7.455393075942993,Switzerland,,
7792,47.46777837258705,7.467908263206482,Switzerland,,
2108,47.36842358408873,7.687565088272095,Switzerland,,
8776,47.45880958970821,9.084330797195436,Switzerland,,
7800,47.42814532743407,7.457522749900818,Switzerland,,
6928,46.62459963397205,6.253371834754944,Switzerland,,
7281,47.07645699779559,7.116324305534363,Switzerland,,
2074,46.86922842061989,7.513318061828613,Switzerland,,
6931,46.623247533723,6.251354813575745,Switzerland,,
6925,46.62458858151834,6.253404021263123,Switzerland,,
7797,47.42827234597286,7.455162405967712,Switzerland,,
2116,47.31194765298983,7.679309248924255,Switzerland,,
7276,47.07705248003828,7.117745876312256,Switzerland,,
2111,47.30929977073197,7.673118710517883,Switzerland,,
2107,47.36837998541512,7.687554359436035,Switzerland,,
2112,47.32003596613271,7.686368823051453,Switzerland,,
6923,46.629852978174455,6.258301734924316,Switzerland,,
7793,47.428286862357766,7.454298734664917,Switzerland,,
7803,47.42819613488638,7.456664443016052,Switzerland,,
7278,47.07169655389751,7.112322449684143,Switzerland,,
7277,47.07311779004064,7.113298773765564,Switzerland,,
2069,46.86084393113583,7.512636780738831,Switzerland,,
2078,46.86304837918627,7.496076822280884,Switzerland,,
2117,47.31672659916456,7.670157551765442,Switzerland,,
2120,47.31098381010625,7.689539194107056,Switzerland,,
2068,46.86755969617116,7.51039981842041,Switzerland,,
2110,47.31191855610348,7.67970085144043,Switzerland,,
7804,47.42825057138799,7.454100251197815,Switzerland,,
8775,47.45927384246582,9.08672332763672,Switzerland,,
2118,47.31183126534836,7.682232856750488,Switzerland,,
7280,47.07231766432952,7.112912535667419,Switzerland,,
6932,46.623943851147686,6.252111196517944,Switzerland,,
7279,47.070487194582654,7.111963033676148,Switzerland,,
2067,46.86850959183329,7.513103485107422,Switzerland,,
8770,47.45810594880763,9.080033898353577,Switzerland,,
6924,46.62959879583804,6.2475889921188354,Switzerland,,
2104,47.36872150739387,7.687704563140869,Switzerland,,
8778,47.45804066206111,9.079653024673462,Switzerland,,
7798,47.42818161847646,7.457297444343567,Switzerland,,
2113,47.30967441048193,7.688514590263367,Switzerland,,
2072,46.8700829341532,7.497830986976623,Switzerland,,
8772,47.46045621769247,9.093815088272097,Switzerland,,
6929,46.623822272560176,6.24173104763031,Switzerland,,
2105,47.37180237166905,7.6839280128479,Switzerland,de,8.0
7794,47.428286862357766,7.4547600746154785,Switzerland,,
4649,40.13712856061628,29.39569652080536,Turkey,,
3533,39.54107142626495,44.01786625385285,Turkey,,
186,37.19206152645282,40.50562620162964,Turkey,,
5138,37.44667362791097,36.8878036737442,Turkey,,
7222,38.42626061577903,43.27750146389008,Turkey,,
9070,37.36463604808104,36.05535864830017,Turkey,,
2400,37.08965783986933,36.15070581436157,Turkey,,
2010,40.326520001262594,36.43683850765228,Turkey,,
163,38.31947953707734,26.79093360900879,Turkey,,
6531,40.13812922608247,29.39321279525757,Turkey,,
8408,40.948127745248456,27.422030568122864,Turkey,,
2819,41.11575457776948,28.083876371383667,Turkey,,
7073,39.72748001647915,42.97930955886841,Turkey,,
7418,41.699344351821736,26.51553511619568,Turkey,,
4380,41.58852597746551,35.8380138874054,Turkey,,
6134,36.62523655746743,34.33732867240906,Turkey,,
5061,41.21323885792452,28.45285177230835,Turkey,,
3079,40.30646539385828,27.8378963470459,Turkey,,
2780,37.08252842796534,41.209620237350464,Turkey,,
8462,38.22096191135259,37.16508507728577,Turkey,,
4883,40.7225306732833,31.49653136730194,Turkey,,
2403,37.08911010571386,36.16544187068939,Turkey,,
178,37.19184358433034,40.51392495632172,Turkey,,
2719,40.65111312831945,29.220242500305176,Turkey,,
4777,37.91516676346379,40.16393423080444,Turkey,,
2553,37.02251382122135,35.087928771972656,Turkey,,
185,37.19183931094911,40.51458477973938,Turkey,,
5265,41.699684803134375,26.52088344097137,Turkey,,
8510,41.171951239546814,31.37167990207672,Turkey,,
3138,37.03318189015339,37.73829996585846,Turkey,,
2700,39.779477682548816,32.50557839870453,Turkey,,
6992,39.15514402043456,34.122387170791626,Turkey,,
2713,40.64982294716398,29.206058979034424,Turkey,,
4329,37.70701345555116,30.2251535654068,Turkey,,
7392,40.569795229334034,34.85932409763336,Turkey,,
2457,40.84723484801455,30.235995054244995,Turkey,,
9091,41.37212692105166,27.875892519950867,Turkey,,
8349,39.42175274998951,29.987016320228577,Turkey,,
1520,41.44617652939675,31.811363697052,Turkey,,
2824,41.11493819792776,28.08468103408813,Turkey,,
4780,37.915226012902224,40.16373038291931,Turkey,,
5159,38.73478270262379,35.28782308101654,Turkey,,
3622,40.0139836601646,32.6543927192688,Turkey,,
8243,39.82975942935951,30.330886244773865,Turkey,,
5143,36.580965992558745,36.16456210613251,Turkey,,
9107,40.25292730043657,28.74419331550598,Turkey,,
2459,40.84706441402864,30.238709449768063,Turkey,,
9096,41.373890125142765,27.872877717018127,Turkey,,
5674,36.95229677631497,34.99580562114716,Turkey,,
2404,37.08901168431322,36.16597831249237,Turkey,,
7561,37.08075238970258,41.209620237350464,Turkey,,
8350,39.42450843748844,29.9893981218338,Turkey,,
7425,41.69935236246155,26.515637040138245,Turkey,,
2781,37.08401770026508,41.20796799659729,Turkey,,
8903,40.66334622460599,35.79249143600464,Turkey,,
7290,41.16926591623493,31.367264986038208,Turkey,,
6534,40.13724339182812,29.39542829990387,Turkey,,
5158,38.72510744179343,35.27735710144043,Turkey,,
8238,39.82778610787324,30.337859988212585,Turkey,,
3141,37.03230828688245,37.734614610672,Turkey,,
6803,53.40828154067344,-0.8923119306564331,United Kingdom,,
6809,53.40819839839142,-0.8935028314590454,United Kingdom,,
5747,56.282200205749405,-3.7293004989624015,United Kingdom,en,7.0
64,52.23303672721761,0.8812505006790161,United Kingdom,fr,8.0
7380,52.2145160966578,-2.946352958679199,United Kingdom,,
4584,51.999269097681605,0.5733758211135864,United Kingdom,,
1050,55.98528430373136,-3.7776070833206177,United Kingdom,,
5934,52.85293912260264,-0.6059485673904419,United Kingdom,,
6053,50.94517254569709,0.0604408979415893,United Kingdom,,
7255,52.13639878791688,-1.1690086126327517,United Kingdom,en,10.0
1037,55.30421712922751,-2.215515375137329,United Kingdom,,
3750,52.21522932992727,-2.9451191425323486,United Kingdom,,
7619,51.43433699496805,-0.9844404458999634,United Kingdom,,
8883,53.0711270348001,-2.395427227020264,United Kingdom,,
4455,51.99823863735543,-1.5864408016204834,United Kingdom,,
4583,51.99862836552424,0.5741643905639648,United Kingdom,,
2323,51.05244902660618,0.3074401617050171,United Kingdom,,
2325,51.043606484012514,0.2987390756607055,United Kingdom,,
9039,52.87267861089134,-2.609987854957581,United Kingdom,,
2320,51.04666547977075,0.3015714883804321,United Kingdom,,
457,53.60608201084017,-0.3338760137557983,United Kingdom,,
9171,53.27400658544204,-3.222588300704956,United Kingdom,,
1804,52.06662026369608,-2.5484365224838257,United Kingdom,,
5882,51.69427042188912,0.3326743841171264,United Kingdom,,
1848,51.009603299197465,-2.426787614822388,United Kingdom,,
5256,51.82310337883459,-3.4474164247512817,United Kingdom,,
4452,51.996996769034666,-1.5821385383605957,United Kingdom,,
196,52.34345760603182,-1.1355775594711304,United Kingdom,,
6810,53.40827194734152,-0.8928537368774414,United Kingdom,,
5878,51.69498865394317,0.339851975440979,United Kingdom,,
1802,52.06625750992981,-2.5451481342315674,United Kingdom,,
6057,50.85699806838824,0.045141577720642,United Kingdom,,
9178,53.27413489973139,-3.222835063934326,United Kingdom,,
2380,52.49510462110061,-1.372159123420715,United Kingdom,,
5876,51.694390128023,0.3339725732803345,United Kingdom,,
784,56.0940182427197,-4.987514019012451,United Kingdom,,
6058,50.85448534221649,0.0509190559387207,United Kingdom,,
8388,56.18754098115642,-4.01550829410553,United Kingdom,,
9046,52.87300239964958,-2.6101326942443848,United Kingdom,,
785,56.09556231222408,-4.986902475357056,United Kingdom,,
6611,51.94082900714622,0.3185766935348511,United Kingdom,,
5881,51.697239705562055,0.3475069999694824,United Kingdom,,
1004,51.32054500019697,-3.01026463508606,United Kingdom,,
9170,53.27340029521545,-3.221295475959778,United Kingdom,,
513,52.2145160966578,-2.946352958679199,United Kingdom,,
6378,54.99089264294148,-3.1816738843917847,United Kingdom,,
7611,51.43121671447267,-0.977584719657898,United Kingdom,,
6373,54.992148285004816,-3.170081377029419,United Kingdom,,
199,52.324078161502655,-1.140233874320984,United Kingdom,,
4449,51.99820891218633,-1.5855073928833008,United Kingdom,,
9177,53.27426321363558,-3.2239723205566406,United Kingdom,,
5258,51.8238560366726,-3.448081612586975,United Kingdom,,
1853,51.00841519990445,-2.427844405174256,United Kingdom,,
5927,52.843184274614686,-0.6079548597335815,United Kingdom,,
3754,52.215548144781735,-2.944657802581787,United Kingdom,,
8755,54.77031761843711,-6.522590517997742,United Kingdom,,
7249,52.137126444986336,-1.1649101972579956,United Kingdom,,
1373,53.07208105190063,-2.404181957244873,United Kingdom,,
4148,53.25242505980697,-3.2069456577301025,United Kingdom,,
6724,54.25379956870549,-2.9428982734680176,United Kingdom,,
